batch_id,file,task_count,search_required,review_existing_asset,difficult,high_priority,medium_priority,low_priority,first_task,last_task
glm_batch_001,batches/glm/glm_batch_001.json,12,12,0,0,9,3,0,runtime-0005-cuco3,runtime-0250-nh42hpo4
glm_batch_002,batches/glm/glm_batch_002.json,12,11,1,0,0,12,0,runtime-0252-nh42s2o3,runtime-0271-ag2so4
glm_batch_003,batches/glm/glm_batch_003.json,12,7,5,0,0,12,0,runtime-0273-ag3po4,runtime-0312-alpo4
glm_batch_004,batches/glm/glm_batch_004.json,12,12,0,0,0,12,0,runtime-0314-au2o3,runtime-0335-baclo32
glm_batch_005,batches/glm/glm_batch_005.json,12,12,0,0,0,12,0,runtime-0337-bah2po22,runtime-0354-baal2o4
glm_batch_006,batches/glm/glm_batch_006.json,12,12,0,0,0,12,0,runtime-0357-bac2o4,runtime-0374-basio3
glm_batch_007,batches/glm/glm_batch_007.json,12,11,1,0,0,12,0,runtime-0375-basno3,runtime-0402-cabf42
glm_batch_008,batches/glm/glm_batch_008.json,12,12,0,0,0,12,0,runtime-0403-cabo22,runtime-0419-caoh2
glm_batch_009,batches/glm/glm_batch_009.json,12,11,1,0,0,12,0,runtime-0421-ca2b2o5,runtime-0441-cafe2o4
glm_batch_010,batches/glm/glm_batch_010.json,12,12,0,0,0,12,0,runtime-0442-cah2,runtime-0466-co2so43
glm_batch_011,batches/glm/glm_batch_011.json,12,12,0,0,0,12,0,runtime-0469-co3po42,runtime-0490-cosif6
glm_batch_012,batches/glm/glm_batch_012.json,12,12,0,0,0,12,0,runtime-0491-cosio3,runtime-0516-cro3
glm_batch_013,batches/glm/glm_batch_013.json,12,10,2,0,0,12,0,runtime-0519-crsi2,runtime-0534-cuoh2
glm_batch_014,batches/glm/glm_batch_014.json,12,12,0,0,0,12,0,runtime-0537-cu2po4oh,runtime-0560-cucl
glm_batch_015,batches/glm/glm_batch_015.json,12,9,3,0,0,12,0,runtime-0561-cucl2,runtime-0577-feco2no2
glm_batch_016,batches/glm/glm_batch_016.json,12,11,1,0,0,12,0,runtime-0578-feco4br2,runtime-0597-fe2p
glm_batch_017,batches/glm/glm_batch_017.json,12,11,1,0,0,12,0,runtime-0605-fec2o4,runtime-0623-h2po3f
glm_batch_018,batches/glm/glm_batch_018.json,12,12,0,0,0,12,0,runtime-0624-h2s2o7,runtime-0645-hcoona
glm_batch_019,batches/glm/glm_batch_019.json,12,12,0,0,0,12,0,runtime-0646-hclo,runtime-0669-hgn32
glm_batch_020,batches/glm/glm_batch_020.json,12,12,0,0,0,12,0,runtime-0670-hgno32,runtime-0686-hgnh2cl
glm_batch_021,batches/glm/glm_batch_021.json,12,9,3,0,0,12,0,runtime-0687-hgo,runtime-0703-k2cs3
glm_batch_022,batches/glm/glm_batch_022.json,12,10,2,0,0,12,0,runtime-0705-k2cr2o7,runtime-0724-k2s2o7
glm_batch_023,batches/glm/glm_batch_023.json,12,12,0,0,0,12,0,runtime-0725-k2s2o8,runtime-0749-kc3h2n3o3
glm_batch_024,batches/glm/glm_batch_024.json,12,12,0,0,0,12,0,runtime-0752-kclo2,runtime-0779-ko2
glm_batch_025,batches/glm/glm_batch_025.json,12,12,0,0,0,12,0,runtime-0781-kpf6,runtime-0812-libro3
glm_batch_026,batches/glm/glm_batch_026.json,12,12,0,0,0,12,0,runtime-0818-lifepo4,runtime-0834-lipo3
glm_batch_027,batches/glm/glm_batch_027.json,12,11,1,0,0,12,0,runtime-0835-mg,runtime-0857-mgal2o4
glm_batch_028,batches/glm/glm_batch_028.json,12,11,1,0,0,12,0,runtime-0862-mgf2,runtime-0887-mnal2o4
glm_batch_029,batches/glm/glm_batch_029.json,12,11,1,0,0,12,0,runtime-0889-mnc2o4,runtime-0912-nh2so3h
glm_batch_030,batches/glm/glm_batch_030.json,12,11,1,0,0,12,0,runtime-0913-nh3ohcl,runtime-0931-nh4no2
glm_batch_031,batches/glm/glm_batch_031.json,12,11,1,0,0,12,0,runtime-0933-nh4ocn,runtime-0954-na2po3f
glm_batch_032,batches/glm/glm_batch_032.json,12,12,0,0,0,12,0,runtime-0957-na2s2,runtime-0980-na3bo3
glm_batch_033,batches/glm/glm_batch_033.json,12,11,1,0,0,12,0,runtime-0983-na3p,runtime-1018-nahso3
glm_batch_034,batches/glm/glm_batch_034.json,12,12,0,0,0,12,0,runtime-1021-naio3,runtime-1042-niio32
glm_batch_035,batches/glm/glm_batch_035.json,12,11,1,0,0,12,0,runtime-1045-nino32,runtime-1074-pnco3
glm_batch_036,batches/glm/glm_batch_036.json,12,12,0,0,0,12,0,runtime-1078-p2s2i2,runtime-1099-pbcn2
glm_batch_037,batches/glm/glm_batch_037.json,12,12,0,0,0,12,0,runtime-1102-pbn32,runtime-1121-pbncn
glm_batch_038,batches/glm/glm_batch_038.json,12,12,0,0,0,12,0,runtime-1122-pbo,runtime-1137-so2cl2
glm_batch_039,batches/glm/glm_batch_039.json,12,10,2,0,0,12,0,runtime-1138-so3,runtime-1169-snso4
glm_batch_040,batches/glm/glm_batch_040.json,12,12,0,0,0,12,0,runtime-1172-znbro32,runtime-1192-znco3
glm_batch_041,batches/glm/glm_batch_041.json,12,11,1,0,0,7,5,runtime-1195-zncr2o4,runtime-1216-co2
glm_batch_042,batches/glm/glm_batch_042.json,12,11,1,0,0,0,12,runtime-1219-cos__9edf4f88,runtime-1232-if7
glm_batch_043,batches/glm/glm_batch_043.json,12,12,0,0,0,0,12,runtime-1233-n2,runtime-1256-sof4
glm_batch_044,batches/glm/glm_batch_044.json,4,4,0,0,0,0,4,runtime-1258-sif2,runtime-1261-sii2
